Date,Actual Average Daily Temperature (Degrees Farenheit),30 Year Normal Average Daily Temperature (Degrees Farenheit)
1/1/2014,58.03,57.79
1/2/2014,58.63,57.76
1/3/2014,59,57.76
1/4/2014,56.83,57.75
1/5/2014,57.42,57.74
1/6/2014,58.55,57.73
1/7/2014,58.4,57.69
1/8/2014,56.67,57.66
1/9/2014,57.95,57.57
1/10/2014,57.13,57.5
1/11/2014,59.67,57.42
1/12/2014,60.5,57.36
1/13/2014,60.8,57.24
1/14/2014,58.85,57.28
1/15/2014,60.28,57.33
1/16/2014,57.05,57.4
1/17/2014,58.4,57.48
1/18/2014,58.1,57.56
1/19/2014,59.9,57.64
1/20/2014,58.92,57.67
1/21/2014,63.72,57.72
1/22/2014,59.83,57.79
1/23/2014,59.38,57.83
1/24/2014,62,57.9
1/25/2014,60.95,57.95
1/26/2014,60.05,58.01
1/27/2014,60.05,58.1
1/28/2014,59,58.24
1/29/2014,56.3,58.31
1/30/2014,56.38,58.42
1/31/2014,57.95,58.46
2/1/2014,59.9,58.54
2/2/2014,58.85,58.6
2/3/2014,59.38,58.65
2/4/2014,57.58,58.76
2/5/2014,58.33,58.83
2/6/2014,58.55,58.94
2/7/2014,59.22,59.01
2/8/2014,61.55,59.11
2/9/2014,61.85,59.21
2/10/2014,60.5,59.38
2/11/2014,59.75,59.46
2/12/2014,61.1,59.54
2/13/2014,59.97,59.64
2/14/2014,60.2,59.67
2/15/2014,61.63,59.76
2/16/2014,61.78,59.78
2/17/2014,61.7,59.82
2/18/2014,60.95,59.87
2/19/2014,61.03,59.93
2/20/2014,59.9,59.96
2/21/2014,62.53,60.01
2/22/2014,60.42,60.13
2/23/2014,61.4,60.25
2/24/2014,61.33,60.33
2/25/2014,62.6,60.32
2/26/2014,62.6,60.34
2/27/2014,61.7,60.38
2/28/2014,59.83,60.47
3/1/2014,61.33,60.66
3/2/2014,62.22,60.78
3/3/2014,62.15,60.85
3/4/2014,59.67,60.86
3/5/2014,58.47,60.91
3/6/2014,59.67,60.98
3/7/2014,58.78,61.03
3/8/2014,59,60.98
3/9/2014,59.38,60.96
3/10/2014,59.45,60.98
3/11/2014,59,61.07
3/12/2014,58.92,61.18
3/13/2014,61.47,61.3
3/14/2014,60.8,61.36
3/15/2014,62.38,61.43
3/16/2014,60.28,61.49
3/17/2014,58.33,61.56
3/18/2014,58.4,61.69
3/19/2014,62.08,61.86
3/20/2014,64.7,61.98
3/21/2014,65.53,62.06
3/22/2014,65.75,62.12
3/23/2014,68.38,62.24
3/24/2014,66.43,62.38
3/25/2014,65.15,62.54
3/26/2014,63.58,62.69
3/27/2014,62.67,62.82
3/28/2014,63.05,62.94
3/29/2014,65.82,63.08
3/30/2014,65.6,63.25
3/31/2014,65.75,63.46
4/1/2014,66.13,63.67
4/2/2014,65.97,63.83
4/3/2014,64.93,63.99
4/4/2014,66.5,64.17
4/5/2014,65.3,64.39
4/6/2014,64.71,64.64
4/7/2014,63.65,64.87
4/8/2014,69.8,65.05
4/9/2014,67.32,65.2
4/10/2014,68.53,65.36
4/11/2014,66.72,65.53
4/12/2014,66.72,65.69
4/13/2014,66.65,65.84
4/14/2014,66.88,65.95
4/15/2014,65.68,66
4/16/2014,63.13,66.1
4/17/2014,64.7,66.22
4/18/2014,66.43,66.33
4/19/2014,68.07,66.41
4/20/2014,69.5,66.49
4/21/2014,68.22,66.56
4/22/2014,66.88,66.65
4/23/2014,66.65,66.75
4/24/2014,66.13,66.85
4/25/2014,69.05,66.92
4/26/2014,67.55,66.98
4/27/2014,66.13,67.07
4/28/2014,67.63,67.16
4/29/2014,66.88,67.29
4/30/2014,67.93,67.44
5/1/2014,67.85,67.53
5/2/2014,66.28,67.64
5/3/2014,67.32,67.74
5/4/2014,66.28,67.92
5/5/2014,68.53,68.05
5/6/2014,67.7,68.18
5/7/2014,65.15,68.28
5/8/2014,62.83,68.38
5/9/2014,66.2,68.49
5/10/2014,67.78,68.58
5/11/2014,67.55,68.68
5/12/2014,67.32,68.75
5/13/2014,68.6,68.79
5/14/2014,65.82,68.81
5/15/2014,67.55,68.82
5/16/2014,67.32,68.84
5/17/2014,65.9,68.84
5/18/2014,66.13,68.86
5/19/2014,66.8,68.82
5/20/2014,65.15,68.79
5/21/2014,65.82,68.77
5/22/2014,66.5,68.8
5/23/2014,67.32,68.79
5/24/2014,66.72,68.8
5/25/2014,65.68,68.81
5/26/2014,68.07,68.77
5/27/2014,67.7,68.72
5/28/2014,63.8,68.67
5/29/2014,63.88,68.62
5/30/2014,63.72,68.62
5/31/2014,65.53,68.61
6/1/2014,68.07,68.58
6/2/2014,67.32,68.5
6/3/2014,66.88,68.43
6/4/2014,66.57,68.37
6/5/2014,64.32,68.26
6/6/2014,65.15,68.19
6/7/2014,65.22,68.09
6/8/2014,64.78,67.95
6/9/2014,67.32,67.84
6/10/2014,66.72,67.78
6/11/2014,65.97,67.68
6/12/2014,68,67.61
6/13/2014,68.22,67.51
6/14/2014,68.53,67.36
6/15/2014,67.1,67.15
6/16/2014,66.2,67.01
6/17/2014,64.78,66.9
6/18/2014,65.3,66.79
6/19/2014,65.15,66.66
6/20/2014,65.3,66.6
6/21/2014,64.03,66.47
6/22/2014,66.2,66.37
6/23/2014,65,66.24
6/24/2014,64.85,66.09
6/25/2014,62.15,65.93
6/26/2014,63.28,65.82
6/27/2014,64.93,65.69
6/28/2014,66.8,65.56
6/29/2014,65.82,65.46
6/30/2014,62.22,65.4
7/1/2014,61.92,65.34
7/2/2014,63.05,65.28
7/3/2014,64.03,65.21
7/4/2014,64.7,65.2
7/5/2014,64.78,65.15
7/6/2014,63.42,65.08
7/7/2014,64.78,65.06
7/8/2014,65.82,65.03
7/9/2014,64.78,65.03
7/10/2014,65.3,65.02
7/11/2014,63.95,65
7/12/2014,65.38,65.02
7/13/2014,64.4,65.05
7/14/2014,63.35,65.04
7/15/2014,64.4,65.04
7/16/2014,65.15,65.03
7/17/2014,65.45,65.02
7/18/2014,64.03,65.01
7/19/2014,65.9,64.99
7/20/2014,68.07,64.97
7/21/2014,67.1,64.98
7/22/2014,66.5,65
7/23/2014,66.43,65
7/24/2014,64.25,65.03
7/25/2014,64.7,65.04
7/26/2014,65.97,65.04
7/27/2014,66.05,65.02
7/28/2014,66.35,65.01
7/29/2014,65.97,65.06
7/30/2014,65.75,65.07
7/31/2014,65.75,65.1
8/1/2014,65.3,65.12
8/2/2014,65.82,65.13
8/3/2014,66.28,65.15
8/4/2014,64.1,65.17
8/5/2014,64.55,65.15
8/6/2014,65,65.11
8/7/2014,65.9,65.11
8/8/2014,65.6,65.09
8/9/2014,64.7,65.06
8/10/2014,62.83,65.04
8/11/2014,64.93,65.03
8/12/2014,63.95,65.01
8/13/2014,64.55,64.98
8/14/2014,65,64.98
8/15/2014,64.47,64.97
8/16/2014,65.75,64.93
8/17/2014,63.88,64.9
8/18/2014,63.65,64.86
8/19/2014,65,64.82
8/20/2014,65.53,64.81
8/21/2014,64.78,64.81
8/22/2014,66.5,64.81
8/23/2014,65.3,64.8
8/24/2014,64.85,64.8
8/25/2014,63.8,64.76
8/26/2014,64.03,64.73
8/27/2014,65.6,64.69
8/28/2014,66.35,64.65
8/29/2014,65.3,64.59
8/30/2014,66.35,64.53
8/31/2014,65.15,64.47
9/1/2014,64.7,64.43
9/2/2014,62.53,64.44
9/3/2014,62,64.44
9/4/2014,65.07,64.43
9/5/2014,64.03,64.39
9/6/2014,64.47,64.35
9/7/2014,62.45,64.35
9/8/2014,63.28,64.33
9/9/2014,65.38,64.34
9/10/2014,66.05,64.36
9/11/2014,65.97,64.38
9/12/2014,65.07,64.38
9/13/2014,62.38,64.41
9/14/2014,64.03,64.43
9/15/2014,66.28,64.49
9/16/2014,65.53,64.48
9/17/2014,66.57,64.45
9/18/2014,62.3,64.44
9/19/2014,62.15,64.44
9/20/2014,62.9,64.45
9/21/2014,64.1,64.44
9/22/2014,64.25,64.45
9/23/2014,64.93,64.46
9/24/2014,65.6,64.46
9/25/2014,63.95,64.42
9/26/2014,64.78,64.39
9/27/2014,63.58,64.39
9/28/2014,65.53,64.38
9/29/2014,65.68,64.35
9/30/2014,65.6,64.28
10/1/2014,64.85,64.26
10/2/2014,64.55,64.2
10/3/2014,65.9,64.15
10/4/2014,64.85,64.14
10/5/2014,64.32,64.09
10/6/2014,62.45,64.06
10/7/2014,62.67,63.99
10/8/2014,62.53,63.86
10/9/2014,62.97,63.77
10/10/2014,63.88,63.75
10/11/2014,61.63,63.74
10/12/2014,62.67,63.68
10/13/2014,62.6,63.61
10/14/2014,65.15,63.55
10/15/2014,64.55,63.53
10/16/2014,65.22,63.5
10/17/2014,64.1,63.46
10/18/2014,62.08,63.4
10/19/2014,63.5,63.29
10/20/2014,63.05,63.19
10/21/2014,64.18,63.05
10/22/2014,63.58,62.97
10/23/2014,64.32,62.91
10/24/2014,63.35,62.83
10/25/2014,63.05,62.71
10/26/2014,61.45,62.55
10/27/2014,60.28,62.42
10/28/2014,60.5,62.32
10/29/2014,61.55,62.22
10/30/2014,63.28,62.13
10/31/2014,64.1,62.06
11/1/2014,63.65,61.94
11/2/2014,63.58,61.83
11/3/2014,63.58,61.73
11/4/2014,60.35,61.66
11/5/2014,58.92,61.62
11/6/2014,62.3,61.56
11/7/2014,62.97,61.52
11/8/2014,62.9,61.48
11/9/2014,63.95,61.44
11/10/2014,59.67,61.42
11/11/2014,58.63,61.34
11/12/2014,59.22,61.26
11/13/2014,59.75,61.2
11/14/2014,60.42,61.12
11/15/2014,60.8,60.98
11/16/2014,59.9,60.89
11/17/2014,59.38,60.8
11/18/2014,59.97,60.67
11/19/2014,61.33,60.55
11/20/2014,63.2,60.43
11/21/2014,62.75,60.31
11/22/2014,62.22,60.2
11/23/2014,61.03,60.12
11/24/2014,59.75,60.03
11/25/2014,61.25,59.92
11/26/2014,61.7,59.81
11/27/2014,60.13,59.67
11/28/2014,58.25,59.54
11/29/2014,59.45,59.43
11/30/2014,59.22,59.36
12/1/2014,62.22,59.31
12/2/2014,61.85,59.26
12/3/2014,60.2,59.28
12/4/2014,59,59.24
12/5/2014,58.92,59.18
12/6/2014,61.17,59.1
12/7/2014,63.42,59.05
12/8/2014,61.63,58.95
12/9/2014,62,58.82
12/10/2014,59.08,58.74
12/11/2014,57.13,58.69
12/12/2014,59.45,58.62
12/13/2014,54.65,58.55
12/14/2014,57.8,58.51
12/15/2014,59,58.43
12/16/2014,58.78,58.34
12/17/2014,58.47,58.24
12/18/2014,59.15,58.13
12/19/2014,58.7,58.04
12/20/2014,58.63,57.98
12/21/2014,59.3,57.92
12/22/2014,56.83,57.88
12/23/2014,56.53,57.84
12/24/2014,53.53,57.83
12/25/2014,56.08,57.83
12/26/2014,56.38,57.86
12/27/2014,59,57.88
12/28/2014,59.08,57.9
12/29/2014,59.38,57.92
12/30/2014,60.35,57.89
12/31/2014,60.65,57.85
1/1/2015,59.3,57.79
1/2/2015,56.83,57.76
1/3/2015,58.03,57.76
1/4/2015,60.8,57.75
1/5/2015,61.92,57.74
1/6/2015,61.17,57.73
1/7/2015,61.55,57.69
1/8/2015,62.3,57.66
1/9/2015,59.67,57.57
1/10/2015,58.78,57.5
1/11/2015,58.4,57.42
1/12/2015,61.25,57.36
1/13/2015,59.08,57.24
1/14/2015,59.67,57.28
1/15/2015,60.05,57.33
1/16/2015,60.35,57.4
1/17/2015,61.55,57.48
1/18/2015,63.65,57.56
1/19/2015,61.17,57.64
1/20/2015,57.65,57.67
1/21/2015,53.97,57.72
1/22/2015,51.05,57.79
1/23/2015,57.28,57.83
1/24/2015,57.8,57.9
1/25/2015,59.9,57.95
1/26/2015,63.13,58.01
1/27/2015,64.25,58.1
1/28/2015,62.22,58.24
1/29/2015,63.05,58.31
1/30/2015,59.45,58.42
1/31/2015,57.65,58.46
2/1/2015,56.38,58.54
2/2/2015,56.67,58.6
2/3/2015,55.78,58.65
2/4/2015,57.5,58.76
2/5/2015,60.42,58.83
2/6/2015,62.22,58.94
2/7/2015,60.2,59.01
2/8/2015,58.47,59.11
2/9/2015,58.25,59.21
2/10/2015,58.55,59.38
2/11/2015,59,59.46
2/12/2015,58.47,59.54
2/13/2015,57.8,59.64
2/14/2015,56.15,59.67
2/15/2015,57.5,59.76
2/16/2015,58.85,59.78
2/17/2015,62.3,59.82
2/18/2015,61.55,59.87
2/19/2015,61.17,59.93
2/20/2015,61.4,59.96
2/21/2015,61.47,60.01
2/22/2015,65.15,60.13
2/23/2015,66.95,60.25
2/24/2015,62.97,60.33
2/25/2015,62.22,60.32
2/26/2015,59.75,60.34
2/27/2015,58.63,60.38
2/28/2015,60.05,60.47
3/1/2015,60.5,60.66
3/2/2015,61.63,60.78
3/3/2015,60.88,60.85
3/4/2015,62.53,60.86
3/5/2015,67.1,60.91
3/6/2015,65.82,60.98
3/7/2015,65.75,61.03
3/8/2015,65.75,60.98
3/9/2015,61.03,60.96
3/10/2015,55.85,60.98
3/11/2015,52.63,61.07
3/12/2015,55.78,61.18
3/13/2015,55.33,61.3
3/14/2015,51.95,61.36
3/15/2015,51.8,61.43
3/16/2015,57.2,61.49
3/17/2015,60.13,61.56
3/18/2015,60.88,61.69
3/19/2015,62.08,61.86
3/20/2015,61.63,61.98
3/21/2015,62.6,62.06
3/22/2015,63.2,62.12
3/23/2015,63.58,62.24
3/24/2015,62.83,62.38
3/25/2015,62.67,62.54
3/26/2015,62.83,62.69
3/27/2015,64.4,62.82
3/28/2015,63.42,62.94
3/29/2015,62.45,63.08
3/30/2015,61.55,63.25
3/31/2015,64.47,63.46
4/1/2015,65.15,63.67
4/2/2015,63.88,63.83
4/3/2015,67.4,63.99
4/4/2015,68.07,64.17
4/5/2015,66.59,64.39
4/6/2015,66.28,64.64
4/7/2015,65.97,64.87
4/8/2015,65.22,65.05
4/9/2015,65.3,65.2
4/10/2015,66.5,65.36
4/11/2015,67.25,65.53
4/12/2015,65.3,65.69
4/13/2015,66.13,65.84
4/14/2015,64.85,65.95
4/15/2015,63.35,66
4/16/2015,64.03,66.1
4/17/2015,64.7,66.22
4/18/2015,64.78,66.33
4/19/2015,63.58,66.41
4/20/2015,65.45,66.49
4/21/2015,65.45,66.56
4/22/2015,66.88,66.65
4/23/2015,68.3,66.75
4/24/2015,68,66.85
4/25/2015,66.88,66.92
4/26/2015,67.78,66.98
4/27/2015,67.4,67.07
4/28/2015,67.1,67.16
4/29/2015,65.82,67.29
4/30/2015,63.72,67.44
5/1/2015,64.55,67.53
5/2/2015,64.4,67.64
5/3/2015,65.38,67.74
5/4/2015,65.53,67.92
5/5/2015,67.47,68.05
5/6/2015,68.53,68.18
5/7/2015,69.13,68.28
5/8/2015,70.4,68.38
5/9/2015,70.32,68.49
5/10/2015,68.6,68.58
5/11/2015,68.53,68.68
5/12/2015,70.32,68.75
5/13/2015,68.07,68.79
5/14/2015,67.32,68.81
5/15/2015,65.53,68.82
5/16/2015,67.4,68.84
5/17/2015,68.22,68.84
5/18/2015,68.97,68.86
5/19/2015,67.18,68.82
5/20/2015,66.72,68.79
5/21/2015,67.78,68.77
5/22/2015,67.93,68.8
5/23/2015,68,68.79
5/24/2015,67.55,68.8
5/25/2015,66.13,68.81
5/26/2015,68.07,68.77
5/27/2015,67.78,68.72
5/28/2015,66.28,68.67
5/29/2015,64.32,68.62
5/30/2015,63.13,68.62
5/31/2015,63.58,68.61
6/1/2015,64.63,68.58
6/2/2015,65.53,68.5
6/3/2015,65.6,68.43
6/4/2015,65.3,68.37
6/5/2015,66.13,68.26
6/6/2015,67.78,68.19
6/7/2015,64.93,68.09
6/8/2015,67.85,67.95
6/9/2015,67.1,67.84
6/10/2015,68.22,67.78
6/11/2015,67.32,67.68
6/12/2015,66.72,67.61
6/13/2015,66.57,67.51
6/14/2015,66.43,67.36
6/15/2015,63.05,67.15
6/16/2015,65.68,67.01
6/17/2015,67.78,66.9
6/18/2015,67.25,66.79
6/19/2015,65.75,66.66
6/20/2015,65.07,66.6
6/21/2015,67.93,66.47
6/22/2015,65.6,66.37
6/23/2015,65.82,66.24
6/24/2015,67.32,66.09
6/25/2015,67.32,65.93
6/26/2015,68,65.82
6/27/2015,65.97,65.69
6/28/2015,64.93,65.56
6/29/2015,65,65.46
6/30/2015,65.97,65.4
7/1/2015,65.97,65.34
7/2/2015,66.2,65.28
7/3/2015,64.85,65.21
7/4/2015,64.4,65.2
7/5/2015,65.15,65.15
7/6/2015,64.63,65.08
7/7/2015,65.07,65.06
7/8/2015,63.72,65.03
7/9/2015,63.28,65.03
7/10/2015,64.47,65.02
7/11/2015,65.6,65
7/12/2015,66.88,65.02
7/13/2015,65.07,65.05
7/14/2015,63.35,65.04
7/15/2015,62.53,65.04
7/16/2015,64.85,65.03
7/17/2015,66.05,65.02
7/18/2015,66.35,65.01
7/19/2015,65.82,64.99
7/20/2015,65.3,64.97
7/21/2015,64.03,64.98
7/22/2015,65,65
7/23/2015,66.28,65
7/24/2015,67.78,65.03
7/25/2015,68.38,65.04
7/26/2015,66.43,65.04
7/27/2015,65.68,65.02
7/28/2015,66.5,65.01
7/29/2015,66.95,65.06
7/30/2015,67.32,65.07
7/31/2015,65.9,65.1
8/1/2015,66.2,65.12
8/2/2015,66.65,65.13
8/3/2015,67.03,65.15
8/4/2015,67.63,65.17
8/5/2015,66.72,65.15
8/6/2015,65.53,65.11
8/7/2015,68.75,65.11
8/8/2015,67.1,65.09
8/9/2015,65.6,65.06
8/10/2015,67.1,65.04
8/11/2015,65.97,65.03
8/12/2015,66.13,65.01
8/13/2015,65.97,64.98
8/14/2015,66.95,64.98
8/15/2015,65.15,64.97
8/16/2015,64.47,64.93
8/17/2015,65.15,64.9
8/18/2015,65.07,64.86
8/19/2015,66.2,64.82
8/20/2015,67.1,64.81
8/21/2015,65.75,64.81
8/22/2015,64.7,64.81
8/23/2015,64.7,64.8
8/24/2015,67.7,64.8
8/25/2015,67.85,64.76
8/26/2015,65.53,64.73
8/27/2015,65.22,64.69
8/28/2015,64.18,64.65
8/29/2015,63.95,64.59
8/30/2015,62.67,64.53
8/31/2015,65,64.47
9/1/2015,66.65,64.43
9/2/2015,65.68,64.44
9/3/2015,63.88,64.44
9/4/2015,64.78,64.43
9/5/2015,66.88,64.39
9/6/2015,66.72,64.35
9/7/2015,66.28,64.35
9/8/2015,66.28,64.33
9/9/2015,66.28,64.34
9/10/2015,65.6,64.36
9/11/2015,65.45,64.38
9/12/2015,64.93,64.38
9/13/2015,62.83,64.41
9/14/2015,65.07,64.43
9/15/2015,64.85,64.49
9/16/2015,64.1,64.48
9/17/2015,66.13,64.45
9/18/2015,65.53,64.44
9/19/2015,66.13,64.44
9/20/2015,65.3,64.45
9/21/2015,65.68,64.44
9/22/2015,65.53,64.45
9/23/2015,66.72,64.46
9/24/2015,66.13,64.46
9/25/2015,63.5,64.42
9/26/2015,63.28,64.39
9/27/2015,62.3,64.39
9/28/2015,62.53,64.38
9/29/2015,64.32,64.35
9/30/2015,65.82,64.28
10/1/2015,65.82,64.26
10/2/2015,65.9,64.2
10/3/2015,65.9,64.15
10/4/2015,64.93,64.14
10/5/2015,63.72,64.09
10/6/2015,65.15,64.06
10/7/2015,64.03,63.99
10/8/2015,63.58,63.86
10/9/2015,65.07,63.77
10/10/2015,66.28,63.75
10/11/2015,66.28,63.74
10/12/2015,66.35,63.68
10/13/2015,66.57,63.61
10/14/2015,66.65,63.55
10/15/2015,63.58,63.53
10/16/2015,65.3,63.5
10/17/2015,68.53,63.46
10/18/2015,69.43,63.4
10/19/2015,66.95,63.29
10/20/2015,66.88,63.19
10/21/2015,66.95,63.05
10/22/2015,65.75,62.97
10/23/2015,60.65,62.91
10/24/2015,62.38,62.83
10/25/2015,62.96,62.71
10/26/2015,66.2,62.55
10/27/2015,64.47,62.42
10/28/2015,64.47,62.32
10/29/2015,63.65,62.22
10/30/2015,60.95,62.13
10/31/2015,60.8,62.06
11/1/2015,62.9,61.94
11/2/2015,62.22,61.83
11/3/2015,61.92,61.73
11/4/2015,64.1,61.66
11/5/2015,65.53,61.62
11/6/2015,63.28,61.56
11/7/2015,63.5,61.52
11/8/2015,65.3,61.48
11/9/2015,65.75,61.44
11/10/2015,65.3,61.42
11/11/2015,63.8,61.34
11/12/2015,63.5,61.26
11/13/2015,65.22,61.2
11/14/2015,66.43,61.12
11/15/2015,65.68,60.98
11/16/2015,65.53,60.89
11/17/2015,63.65,60.8
11/18/2015,63.28,60.67
11/19/2015,64.03,60.55
11/20/2015,64.93,60.43
11/21/2015,65,60.31
11/22/2015,65.45,60.2
11/23/2015,64.78,60.12
11/24/2015,66.05,60.03
11/25/2015,64.55,59.92
11/26/2015,64.18,59.81
11/27/2015,62.53,59.67
11/28/2015,65,59.54
11/29/2015,65.97,59.43
11/30/2015,63.28,59.36
12/1/2015,64.18,59.31
12/2/2015,62.08,59.26
12/3/2015,59.83,59.28
12/4/2015,63.2,59.24
12/5/2015,63.42,59.18
12/6/2015,63.65,59.1
12/7/2015,62.45,59.05
12/8/2015,62.45,58.95
12/9/2015,62.9,58.82
12/10/2015,61.63,58.74
12/11/2015,61.92,58.69
12/12/2015,61.78,58.62
12/13/2015,60.8,58.55
12/14/2015,57.8,58.51
12/15/2015,58.1,58.43
12/16/2015,59.6,58.34
12/17/2015,60.28,58.24
12/18/2015,62.83,58.13
12/19/2015,65,58.04
12/20/2015,64.7,57.98
12/21/2015,64.47,57.92
12/22/2015,63.42,57.88
12/23/2015,60.13,57.84
12/24/2015,60.35,57.83
12/25/2015,61.17,57.83
12/26/2015,58.4,57.86
12/27/2015,60.05,57.88
12/28/2015,59.22,57.9
12/29/2015,58.47,57.92
12/30/2015,61.92,57.89
12/31/2015,62.83,57.85
1/1/2016,63.72,57.79
1/2/2016,63.72,57.76
1/3/2016,63.05,57.76
1/4/2016,57.65,57.75
1/5/2016,57.13,57.74
1/6/2016,56.53,57.73
1/7/2016,54.88,57.69
1/8/2016,54.28,57.66
1/9/2016,54.8,57.57
1/10/2016,58.03,57.5
1/11/2016,56.15,57.42
1/12/2016,56,57.36
1/13/2016,53.3,57.24
1/14/2016,55.47,57.28
1/15/2016,53.75,57.33
1/16/2016,54.5,57.4
1/17/2016,55.92,57.48
1/18/2016,56.6,57.56
1/19/2016,56.67,57.64
1/20/2016,57.2,57.67
1/21/2016,56.9,57.72
1/22/2016,59.53,57.79
1/23/2016,59,57.83
1/24/2016,56.75,57.9
1/25/2016,55.63,57.95
1/26/2016,56.9,58.01
1/27/2016,52.92,58.1
1/28/2016,54.5,58.24
1/29/2016,56.45,58.31
1/30/2016,58.47,58.42
1/31/2016,60.88,58.46
2/1/2016,59.67,58.54
2/2/2016,58.92,58.6
2/3/2016,57.8,58.65
2/4/2016,56.67,58.76
2/5/2016,59.53,58.83
2/6/2016,63.13,58.94
2/7/2016,62.3,59.01
2/8/2016,62.53,59.11
2/9/2016,59.53,59.21
2/10/2016,61.55,59.38
2/11/2016,60.42,59.46
2/12/2016,61.33,59.54
2/13/2016,61.25,59.64
2/14/2016,60.28,59.67
2/15/2016,60.72,59.76
2/16/2016,63.65,59.78
2/17/2016,64.63,59.82
2/18/2016,63.13,59.87
2/19/2016,63.13,59.93
2/20/2016,63.05,59.96
2/21/2016,62.6,60.01
2/22/2016,60.72,60.13
2/23/2016,60.42,60.25
2/24/2016,61.55,60.33
2/25/2016,62,60.32
2/26/2016,62.83,60.34
2/27/2016,63.8,60.38
2/28/2016,62.97,60.44
2/29/2016,62.3,60.47
3/1/2016,62.97,60.66
3/2/2016,62.22,60.78
3/3/2016,62.9,60.85
3/4/2016,62.75,60.86
3/5/2016,61.33,60.91
3/6/2016,61.55,60.98
3/7/2016,59.6,61.03
3/8/2016,54.58,60.98
3/9/2016,50.83,60.96
3/10/2016,47.53,60.98
3/11/2016,51.2,61.07
3/12/2016,56.97,61.18
3/13/2016,60.05,61.3
3/14/2016,61.17,61.36
3/15/2016,62.22,61.43
3/16/2016,63.05,61.49
3/17/2016,62.6,61.56
3/18/2016,60.65,61.69
3/19/2016,60.2,61.86
3/20/2016,59.6,61.98
3/21/2016,61.33,62.06
3/22/2016,62.3,62.12
3/23/2016,62.3,62.24
3/24/2016,64.25,62.38
3/25/2016,63.13,62.54
3/26/2016,63.58,62.69
3/27/2016,66.65,62.82
3/28/2016,66.72,62.94
3/29/2016,64.63,63.08
3/30/2016,65,63.25
3/31/2016,65.07,63.46
4/1/2016,64.18,63.67
4/2/2016,65.45,63.83
4/3/2016,67.3,63.99
4/4/2016,65,64.17
4/5/2016,66.88,64.39
4/6/2016,66.28,64.64
4/7/2016,66.95,64.87
4/8/2016,66.8,65.05
4/9/2016,68.15,65.2
4/10/2016,67.4,65.36
4/11/2016,65.97,65.53
4/12/2016,66.72,65.69
4/13/2016,66.72,65.84
4/14/2016,66.2,65.95
4/15/2016,65.6,66
4/16/2016,67.63,66.1
4/17/2016,71.82,66.22
4/18/2016,68.97,66.33
4/19/2016,67.03,66.41
4/20/2016,65.9,66.49
4/21/2016,66.13,66.56
4/22/2016,64.47,66.65
4/23/2016,65.07,66.75
4/24/2016,65.53,66.85
4/25/2016,63.95,66.92
4/26/2016,65.53,66.98
4/27/2016,67.25,67.07
4/28/2016,65.38,67.16
4/29/2016,64.63,67.29
4/30/2016,65.22,67.44
5/1/2016,67.78,67.53
5/2/2016,69.2,67.64
5/3/2016,67.85,67.74
5/4/2016,68.38,67.92
5/5/2016,70.18,68.05
5/6/2016,67.85,68.18
5/7/2016,71.97,68.28
5/8/2016,70.03,68.38
5/9/2016,69.2,68.49
5/10/2016,68.82,68.58
5/11/2016,69.28,68.68
5/12/2016,69.8,68.75
5/13/2016,68.68,68.79
5/14/2016,69.35,68.81
5/15/2016,67.1,68.82
5/16/2016,66.43,68.84
5/17/2016,68.38,68.84
5/18/2016,70.63,68.86
5/19/2016,68.6,68.82
5/20/2016,69.35,68.79
5/21/2016,70.63,68.77
5/22/2016,71.22,68.8
5/23/2016,70.93,68.79
5/24/2016,71.22,68.8
5/25/2016,71.38,68.81
5/26/2016,72.95,68.77
5/27/2016,71.38,68.72
5/28/2016,72.35,68.67
5/29/2016,71.82,68.62
5/30/2016,70.7,68.62
5/31/2016,70.85,68.61
6/1/2016,69.72,68.58
6/2/2016,68.75,68.5
6/3/2016,68.68,68.43
6/4/2016,68.3,68.37
6/5/2016,66.65,68.26
6/6/2016,66.57,68.19
6/7/2016,66.88,68.09
6/8/2016,67.03,67.95
6/9/2016,66.95,67.84
6/10/2016,66.57,67.78
6/11/2016,68.3,67.68
6/12/2016,65.68,67.61
6/13/2016,64.25,67.51
6/14/2016,65.97,67.36
6/15/2016,65.82,67.15
6/16/2016,65.75,67.01
6/17/2016,66.95,66.9
6/18/2016,66.28,66.79
6/19/2016,66.28,66.66
6/20/2016,65.75,66.6
6/21/2016,65.9,66.47
6/22/2016,64.78,66.37
6/23/2016,64.18,66.24
6/24/2016,65.53,66.09
6/25/2016,65.75,65.93
6/26/2016,66.43,65.82
6/27/2016,65.82,65.69
6/28/2016,66.72,65.56
6/29/2016,66.43,65.46
6/30/2016,66.13,65.4
7/1/2016,66.65,65.34
7/2/2016,68.68,65.28
7/3/2016,67.4,65.21
7/4/2016,66.8,65.2
7/5/2016,64.1,65.15
7/6/2016,66.2,65.08
7/7/2016,66.95,65.06
7/8/2016,67.85,65.03
7/9/2016,66.88,65.03
7/10/2016,67.55,65.02
7/11/2016,65.53,65
7/12/2016,64.4,65.02
7/13/2016,64.55,65.05
7/14/2016,65.45,65.04
7/15/2016,65.3,65.04
7/16/2016,64.63,65.03
7/17/2016,65.22,65.02
7/18/2016,66.5,65.01
7/19/2016,65.53,64.99
7/20/2016,65.22,64.97
7/21/2016,65.45,64.98
7/22/2016,66.35,65
7/23/2016,64.55,65
7/24/2016,64.4,65.03
7/25/2016,65,65.04
7/26/2016,64.03,65.04
7/27/2016,65.53,65.02
7/28/2016,63.42,65.01
7/29/2016,65.07,65.06
7/30/2016,66.05,65.07
7/31/2016,65.97,65.1
8/1/2016,65.53,65.12
8/2/2016,65.53,65.13
8/3/2016,65.6,65.15
8/4/2016,66.2,65.17
8/5/2016,66.88,65.15
8/6/2016,66.28,65.11
8/7/2016,63.95,65.11
8/8/2016,64.25,65.09
8/9/2016,65.68,65.06
8/10/2016,65.22,65.04
8/11/2016,65.82,65.03
8/12/2016,66.72,65.01
8/13/2016,67.03,64.98
8/14/2016,67.1,64.98
8/15/2016,64.63,64.97
8/16/2016,64.78,64.93
8/17/2016,65.3,64.9
8/18/2016,65.97,64.86
8/19/2016,65.07,64.82
8/20/2016,65.07,64.81
8/21/2016,65.3,64.81
8/22/2016,66.8,64.81
8/23/2016,65.07,64.8
8/24/2016,63.5,64.8
8/25/2016,64.25,64.76
8/26/2016,64.18,64.73
8/27/2016,63.58,64.69
8/28/2016,63.58,64.65
8/29/2016,63.8,64.59
8/30/2016,65.45,64.53
8/31/2016,65.22,64.47
9/1/2016,65.75,64.43
9/2/2016,66.13,64.44
9/3/2016,65.82,64.44
9/4/2016,63.65,64.43
9/5/2016,61.78,64.39
9/6/2016,64.78,64.35
9/7/2016,65.07,64.35
9/8/2016,63.42,64.33
9/9/2016,62.97,64.34
9/10/2016,64.7,64.36
9/11/2016,65,64.38
9/12/2016,63.42,64.38
9/13/2016,64.55,64.41
9/14/2016,65.75,64.43
9/15/2016,65.45,64.49
9/16/2016,64.78,64.48
9/17/2016,66.5,64.45
9/18/2016,66.72,64.44
9/19/2016,69.13,64.44
9/20/2016,67.55,64.45
9/21/2016,62.08,64.44
9/22/2016,62.3,64.45
9/23/2016,62.6,64.46
9/24/2016,63.5,64.46
9/25/2016,65.53,64.42
9/26/2016,64.85,64.39
9/27/2016,66.35,64.39
9/28/2016,65.07,64.38
9/29/2016,65.22,64.35
9/30/2016,65,64.28
10/1/2016,65.53,64.26
10/2/2016,64.18,64.2
10/3/2016,65.22,64.15
10/4/2016,64.4,64.14
10/5/2016,64.85,64.09
10/6/2016,65.38,64.06
10/7/2016,65.82,63.99
10/8/2016,67.63,63.86
10/9/2016,69.43,63.77
10/10/2016,64.85,63.75
10/11/2016,65.53,63.74
10/12/2016,64.4,63.68
10/13/2016,66.8,63.61
10/14/2016,62.97,63.55
10/15/2016,62.08,63.53
10/16/2016,62.6,63.5
10/17/2016,62.9,63.46
10/18/2016,62.53,63.4
10/19/2016,62.53,63.29
10/20/2016,62.83,63.19
10/21/2016,63.2,63.05
10/22/2016,65.9,62.97
10/23/2016,65,62.91
10/24/2016,65,62.83
10/25/2016,63.72,62.71
10/26/2016,62.75,62.55
10/27/2016,63.05,62.42
10/28/2016,62.6,62.32
10/29/2016,64.63,62.22
10/30/2016,63.82,62.13
10/31/2016,64.47,62.06
11/1/2016,64.32,61.94
11/2/2016,64.47,61.83
11/3/2016,65.6,61.73
11/4/2016,65.45,61.66
11/5/2016,64.78,61.62
11/6/2016,66.35,61.56
11/7/2016,64.25,61.52
11/8/2016,62.45,61.48
11/9/2016,60.42,61.44
11/10/2016,59.9,61.42
11/11/2016,60.42,61.34
11/12/2016,61.4,61.26
11/13/2016,60.95,61.2
11/14/2016,60.28,61.12
11/15/2016,62.9,60.98
11/16/2016,61.33,60.89
11/17/2016,61.85,60.8
11/18/2016,63.28,60.67
11/19/2016,64.93,60.55
11/20/2016,62.22,60.43
11/21/2016,62.45,60.31
11/22/2016,59.97,60.2
11/23/2016,59.08,60.12
11/24/2016,60.35,60.03
11/25/2016,60.58,59.92
11/26/2016,62.3,59.81
11/27/2016,62.9,59.67
11/28/2016,60.05,59.54
11/29/2016,59,59.43
11/30/2016,61.92,59.36
12/1/2016,60.95,59.31
12/2/2016,59.3,59.26
12/3/2016,60.5,59.28
12/4/2016,57.58,59.24
12/5/2016,56.97,59.18
12/6/2016,55.85,59.1
12/7/2016,58.03,59.05
12/8/2016,61.17,58.95
12/9/2016,63.2,58.82
12/10/2016,64.03,58.74
12/11/2016,63.58,58.69
12/12/2016,63.05,58.62
12/13/2016,63.28,58.55
12/14/2016,60.95,58.51
12/15/2016,62.38,58.43
12/16/2016,63.8,58.34
12/17/2016,62.53,58.24
12/18/2016,62.83,58.13
12/19/2016,64.25,58.04
12/20/2016,64.7,57.98
12/21/2016,63.88,57.92
12/22/2016,64.03,57.88
12/23/2016,62.38,57.84
12/24/2016,60.58,57.83
12/25/2016,60.05,57.83
12/26/2016,62.6,57.86
12/27/2016,64.78,57.88
12/28/2016,64.7,57.9
12/29/2016,64.4,57.92
12/30/2016,65.15,57.89
12/31/2016,60.95,57.85
1/1/2017,60.13,57.79
1/2/2017,60.35,57.76
1/3/2017,62.38,57.76
1/4/2017,62,57.75
1/5/2017,60.35,57.74
1/6/2017,58.85,57.73
1/7/2017,61.25,57.69
1/8/2017,61.85,57.66
1/9/2017,57.72,57.57
1/10/2017,58.92,57.5
1/11/2017,58.47,57.42
1/12/2017,59.22,57.36
1/13/2017,61.03,57.24
1/14/2017,61.17,57.28
1/15/2017,58.4,57.33
1/16/2017,57.5,57.4
1/17/2017,57.2,57.48
1/18/2017,56.75,57.56
1/19/2017,56.6,57.64
1/20/2017,56,57.67
1/21/2017,55.7,57.72
1/22/2017,63.35,57.79
1/23/2017,60.05,57.83
1/24/2017,56.53,57.9
1/25/2017,56.6,57.95
1/26/2017,56.6,58.01
1/27/2017,56.08,58.1
1/28/2017,56.3,58.24
1/29/2017,57.05,58.31
1/30/2017,58.4,58.42
1/31/2017,58.17,58.46
2/1/2017,58.92,58.54
2/2/2017,60.95,58.6
2/3/2017,62.22,58.65
2/4/2017,63.5,58.76
2/5/2017,65.38,58.83
2/6/2017,64.1,58.94
2/7/2017,60.58,59.01
2/8/2017,62.08,59.11
2/9/2017,65.15,59.21
2/10/2017,62.6,59.38
2/11/2017,62.45,59.46
2/12/2017,62.83,59.54
2/13/2017,60.58,59.64
2/14/2017,58.1,59.67
2/15/2017,56.97,59.76
2/16/2017,55.47,59.78
2/17/2017,57.28,59.82
2/18/2017,56.97,59.87
2/19/2017,57.5,59.93
2/20/2017,57.65,59.96
2/21/2017,59.45,60.01
2/22/2017,59.3,60.13
2/23/2017,58.55,60.25
2/24/2017,58.47,60.33
2/25/2017,60.2,60.32
2/26/2017,58.4,60.34
2/27/2017,59.22,60.38
2/28/2017,60.58,60.47
3/1/2017,62.67,60.66
3/2/2017,63.65,60.78
3/3/2017,65.22,60.85
3/4/2017,65.75,60.86
3/5/2017,66.95,60.91
3/6/2017,65.3,60.98
3/7/2017,64.32,61.03
3/8/2017,64.32,60.98
3/9/2017,63.72,60.96
3/10/2017,66.2,60.98
3/11/2017,63.42,61.07
3/12/2017,62.08,61.18
3/13/2017,62.67,61.3
3/14/2017,63.65,61.36
3/15/2017,63.5,61.43
3/16/2017,63.35,61.49
3/17/2017,64.7,61.56
3/18/2017,66.72,61.69
3/19/2017,66.28,61.86
3/20/2017,64.85,61.98
3/21/2017,65.45,62.06
3/22/2017,66.35,62.12
3/23/2017,64.55,62.24
3/24/2017,64.4,62.38
3/25/2017,64.78,62.54
3/26/2017,63.95,62.69
3/27/2017,63.42,62.82
3/28/2017,63.42,62.94
3/29/2017,62.3,63.08
3/30/2017,63.05,63.25
3/31/2017,61.55,63.46
4/1/2017,63.58,63.67
4/2/2017,61.9,63.83
4/3/2017,60.72,63.99
4/4/2017,63.2,64.17
4/5/2017,65.53,64.39
4/6/2017,65.38,64.64
4/7/2017,67.32,64.87
4/8/2017,65.75,65.05
4/9/2017,65.82,65.2
4/10/2017,65.82,65.36
4/11/2017,66.13,65.53
4/12/2017,65.82,65.69
4/13/2017,65.07,65.84
4/14/2017,65.75,65.95
4/15/2017,65.9,66
4/16/2017,67.4,66.1
4/17/2017,64.85,66.22
4/18/2017,63.28,66.33
4/19/2017,62.9,66.41
4/20/2017,64.55,66.49
4/21/2017,63.42,66.56
4/22/2017,65.22,66.65
4/23/2017,67.18,66.75
4/24/2017,65.07,66.85
4/25/2017,65.38,66.92
4/26/2017,66.13,66.98
4/27/2017,66.72,67.07
4/28/2017,66.72,67.16
4/29/2017,64.7,67.29
4/30/2017,64.78,67.44
5/1/2017,65.45,67.53
5/2/2017,66.2,67.64
5/3/2017,66.88,67.74
5/4/2017,66.35,67.92
5/5/2017,67.93,68.05
5/6/2017,67.03,68.18
5/7/2017,68,68.28
5/8/2017,65.82,68.38
5/9/2017,66.2,68.49
5/10/2017,68.15,68.58
5/11/2017,69.43,68.68
5/12/2017,68.82,68.75
5/13/2017,68.07,68.79
5/14/2017,67.7,68.81
5/15/2017,67.55,68.82
5/16/2017,68.3,68.84
5/17/2017,70.03,68.84
5/18/2017,69.95,68.86
5/19/2017,68.82,68.82
5/20/2017,68.68,68.79
5/21/2017,70.03,68.77
5/22/2017,69.5,68.8
5/23/2017,70.25,68.79
5/24/2017,70.1,68.8
5/25/2017,69.2,68.81
5/26/2017,70.55,68.77
5/27/2017,69.2,68.72
5/28/2017,66.88,68.67
5/29/2017,66.43,68.62
5/30/2017,66.35,68.62
5/31/2017,67.1,68.61
6/1/2017,68.82,68.58
6/2/2017,70.1,68.5
6/3/2017,68.82,68.43
6/4/2017,68.97,68.37
6/5/2017,69.13,68.26
6/6/2017,70.25,68.19
6/7/2017,68.53,68.09
6/8/2017,66.95,67.95
6/9/2017,66.8,67.84
6/10/2017,66.05,67.78
6/11/2017,66.95,67.68
6/12/2017,69.28,67.61
6/13/2017,69.05,67.51
6/14/2017,68,67.36
6/15/2017,67.18,67.15
6/16/2017,66.28,67.01
6/17/2017,68.15,66.9
6/18/2017,69.43,66.79
6/19/2017,69.05,66.66
6/20/2017,69.43,66.6
6/21/2017,67.93,66.47
6/22/2017,68.53,66.37
6/23/2017,69.88,66.24
6/24/2017,67.25,66.09
6/25/2017,67.18,65.93
6/26/2017,66.88,65.82
6/27/2017,65.75,65.69
6/28/2017,64.7,65.56
6/29/2017,63.35,65.46
6/30/2017,64.25,65.4
7/1/2017,64.85,65.34
7/2/2017,66.95,65.28
7/3/2017,67.18,65.21
7/4/2017,65.45,65.2
7/5/2017,65.53,65.15
7/6/2017,65.22,65.08
7/7/2017,65.15,65.06
7/8/2017,63.72,65.03
7/9/2017,64.47,65.03
7/10/2017,64.03,65.02
7/11/2017,64.63,65
7/12/2017,65.15,65.02
7/13/2017,64.78,65.05
7/14/2017,65.9,65.04
7/15/2017,65.38,65.04
7/16/2017,64.1,65.03
7/17/2017,63.72,65.02
7/18/2017,64.55,65.01
7/19/2017,65.22,64.99
7/20/2017,66.13,64.97
7/21/2017,65.07,64.98
7/22/2017,63.88,65
7/23/2017,64.18,65
7/24/2017,64.18,65.03
7/25/2017,65,65.04
7/26/2017,65.3,65.04
7/27/2017,64.32,65.02
7/28/2017,66.43,65.01
7/29/2017,64.55,65.06
7/30/2017,64.4,65.07
7/31/2017,64.55,65.1
8/1/2017,64.32,65.12
8/2/2017,66.5,65.13
8/3/2017,67.03,65.15
8/4/2017,66.2,65.17
8/5/2017,66.5,65.15
8/6/2017,66.57,65.11
8/7/2017,65.38,65.11
8/8/2017,66.72,65.09
8/9/2017,66.35,65.06
8/10/2017,65.07,65.04
8/11/2017,66.95,65.03
8/12/2017,65.6,65.01
8/13/2017,65.15,64.98
8/14/2017,66.2,64.98
8/15/2017,65.3,64.97
8/16/2017,64.47,64.93
8/17/2017,65.9,64.9
8/18/2017,66.28,64.86
8/19/2017,66.57,64.82
8/20/2017,67.7,64.81
8/21/2017,65.82,64.81
8/22/2017,65.75,64.81
8/23/2017,65,64.8
8/24/2017,65.68,64.8
8/25/2017,65.15,64.76
8/26/2017,64.93,64.73
8/27/2017,65.53,64.69
8/28/2017,65.15,64.65
8/29/2017,63.58,64.59
8/30/2017,61.33,64.53
8/31/2017,62.75,64.47
9/1/2017,63.58,64.43
9/2/2017,64.4,64.44
9/3/2017,64.18,64.44
9/4/2017,63.72,64.43
9/5/2017,61.85,64.39
9/6/2017,63.8,64.35
9/7/2017,65.07,64.35
9/8/2017,65.38,64.33
9/9/2017,65.82,64.34
9/10/2017,65.53,64.36
9/11/2017,65.07,64.38
9/12/2017,62.38,64.38
9/13/2017,62.15,64.41
9/14/2017,62.53,64.43
9/15/2017,65.07,64.49
9/16/2017,65.68,64.48
9/17/2017,66.2,64.45
9/18/2017,66.95,64.44
9/19/2017,67.4,64.44
9/20/2017,66.88,64.45
9/21/2017,65.22,64.44
9/22/2017,65.3,64.45
9/23/2017,62.53,64.46
9/24/2017,62.83,64.46
9/25/2017,63.28,64.42
9/26/2017,62.67,64.39
9/27/2017,65.15,64.39
9/28/2017,65.45,64.38
9/29/2017,66.95,64.35
9/30/2017,66.65,64.28
10/1/2017,65.68,64.26
10/2/2017,65.6,64.2
10/3/2017,65.82,64.15
10/4/2017,66.05,64.14
10/5/2017,66.72,64.09
10/6/2017,65.82,64.06
10/7/2017,61.25,63.99
10/8/2017,63.8,63.86
10/9/2017,62.9,63.77
10/10/2017,65.97,63.75
10/11/2017,65,63.74
10/12/2017,64.78,63.68
10/13/2017,64.55,63.61
10/14/2017,65.53,63.55
10/15/2017,66.05,63.53
10/16/2017,67.1,63.5
10/17/2017,65.6,63.46
10/18/2017,66.65,63.4
10/19/2017,65.9,63.29
10/20/2017,66.95,63.19
10/21/2017,66.05,63.05
10/22/2017,67.18,62.97
10/23/2017,68.45,62.91
10/24/2017,67.55,62.83
10/25/2017,64.18,62.71
10/26/2017,61.03,62.55
10/27/2017,60.28,62.42
10/28/2017,59.83,62.32
10/29/2017,63.46,62.22
10/30/2017,59.75,62.13
10/31/2017,60.35,62.06
11/1/2017,62.38,61.94
11/2/2017,65.75,61.83
11/3/2017,64.93,61.73
11/4/2017,65.68,61.66
11/5/2017,64.25,61.62
11/6/2017,62.97,61.56
11/7/2017,63.5,61.52
11/8/2017,62.9,61.48
11/9/2017,62.22,61.44
11/10/2017,63.13,61.42
11/11/2017,63.28,61.34
11/12/2017,64.32,61.26
11/13/2017,65.97,61.2
11/14/2017,64.18,61.12
11/15/2017,63.5,60.98
11/16/2017,61.4,60.89
11/17/2017,60.05,60.8
11/18/2017,61.1,60.67
11/19/2017,62.08,60.55
11/20/2017,60.2,60.43
11/21/2017,60.13,60.31
11/22/2017,60.28,60.2
11/23/2017,59.6,60.12
11/24/2017,57.5,60.03
11/25/2017,58.63,59.92
11/26/2017,60.05,59.81
11/27/2017,58.92,59.67
11/28/2017,57.13,59.54
11/29/2017,59.38,59.43
11/30/2017,59.83,59.36
12/1/2017,59.45,59.31
12/2/2017,60.65,59.26
12/3/2017,60.5,59.28
12/4/2017,59.53,59.24
12/5/2017,60.8,59.18
12/6/2017,61.55,59.1
12/7/2017,59.08,59.05
12/8/2017,56.67,58.95
12/9/2017,58.47,58.82
12/10/2017,59.3,58.74
12/11/2017,57.28,58.69
12/12/2017,58.03,58.62
12/13/2017,57.2,58.55
12/14/2017,58.1,58.51
12/15/2017,59.67,58.43
12/16/2017,59.6,58.34
12/17/2017,60.88,58.24
12/18/2017,61.78,58.13
12/19/2017,60.8,58.04
12/20/2017,63.2,57.98
12/21/2017,62.75,57.92
12/22/2017,60.5,57.88
12/23/2017,62.08,57.84
12/24/2017,63.5,57.83
12/25/2017,62.38,57.83
12/26/2017,60.8,57.86
12/27/2017,59.53,57.88
12/28/2017,60.28,57.9
12/29/2017,60.13,57.92
12/30/2017,59.38,57.89
12/31/2017,60.05,57.85
1/1/2018,62.6,57.79
1/2/2018,61.1,57.76
1/3/2018,60.88,57.76
1/4/2018,61.1,57.75
1/5/2018,59.83,57.74
1/6/2018,60.95,57.73
1/7/2018,58.4,57.69
1/8/2018,60.05,57.66
1/9/2018,59.45,57.57
1/10/2018,57.8,57.5
1/11/2018,58.63,57.42
1/12/2018,60.28,57.36
1/13/2018,58.85,57.24
1/14/2018,59.75,57.28
1/15/2018,56.45,57.33
1/16/2018,54.35,57.4
1/17/2018,56.6,57.48
1/18/2018,56.53,57.56
1/19/2018,55.78,57.64
1/20/2018,56.67,57.67
1/21/2018,59.6,57.72
1/22/2018,60.58,57.79
1/23/2018,61.4,57.83
1/24/2018,62.83,57.9
1/25/2018,58.03,57.95
1/26/2018,60.88,58.01
1/27/2018,60.28,58.1
1/28/2018,62.22,58.24
1/29/2018,58.7,58.31
1/30/2018,56.38,58.42
1/31/2018,55.17,58.46
2/1/2018,60.88,58.54
2/2/2018,65.9,58.6
2/3/2018,62.38,58.65
2/4/2018,64.32,58.76
2/5/2018,62.22,58.83
2/6/2018,60.35,58.94
2/7/2018,61.55,59.01
2/8/2018,62.45,59.11
2/9/2018,59.45,59.21
2/10/2018,60.72,59.38
2/11/2018,61.4,59.46
2/12/2018,61.47,59.54
2/13/2018,63.05,59.64
2/14/2018,65.97,59.67
2/15/2018,66.43,59.76
2/16/2018,63.95,59.78
2/17/2018,63.13,59.82
2/18/2018,61.03,59.87
2/19/2018,61.1,59.93
2/20/2018,59.6,59.96
2/21/2018,59.22,60.01
2/22/2018,60.5,60.13
2/23/2018,64.18,60.25
2/24/2018,62.83,60.33
2/25/2018,63.13,60.32
2/26/2018,64.78,60.34
2/27/2018,64.4,60.38
2/28/2018,66.13,60.47
3/1/2018,62.97,60.66
3/2/2018,64.4,60.78
3/3/2018,63.72,60.85
3/4/2018,64.18,60.86
3/5/2018,63.88,60.91
3/6/2018,64.1,60.98
3/7/2018,65,61.03
3/8/2018,62.9,60.98
3/9/2018,61.1,60.96
3/10/2018,63.72,60.98
3/11/2018,66.8,61.07
3/12/2018,66.72,61.18
3/13/2018,63.8,61.3
3/14/2018,63.35,61.36
3/15/2018,61.4,61.43
3/16/2018,62.75,61.49
3/17/2018,64.7,61.56
3/18/2018,64.7,61.69
3/19/2018,65.45,61.86
3/20/2018,64.7,61.98
3/21/2018,63.8,62.06
3/22/2018,66.8,62.12
3/23/2018,65.75,62.24
3/24/2018,65.53,62.38
3/25/2018,66.13,62.54
3/26/2018,63.88,62.69
3/27/2018,62.83,62.82
3/28/2018,63.58,62.94
3/29/2018,62.45,63.08
3/30/2018,62.83,63.25
3/31/2018,64.18,63.46
4/1/2018,66.04,63.67
4/2/2018,64.18,63.83
4/3/2018,63.65,63.99
4/4/2018,66.28,64.17
4/5/2018,63.95,64.39
4/6/2018,64.1,64.64
4/7/2018,62,64.87
4/8/2018,63.28,65.05
4/9/2018,62.9,65.2
4/10/2018,65,65.36
4/11/2018,67.85,65.53
4/12/2018,66.57,65.69
4/13/2018,66.05,65.84
4/14/2018,62.22,65.95
4/15/2018,65.22,66
4/16/2018,65.6,66.1
4/17/2018,67.47,66.22
4/18/2018,68.9,66.33
4/19/2018,68.15,66.41
4/20/2018,67.4,66.49
4/21/2018,67.18,66.56
4/22/2018,68.45,66.65
4/23/2018,69.57,66.75
4/24/2018,69.13,66.85
4/25/2018,67.85,66.92
4/26/2018,66.28,66.98
4/27/2018,66.2,67.07
4/28/2018,65.82,67.16
4/29/2018,67.03,67.29
4/30/2018,66.05,67.44
5/1/2018,67.55,67.53
5/2/2018,68.15,67.64
5/3/2018,70.55,67.74
5/4/2018,69.95,67.92
5/5/2018,68.38,68.05
5/6/2018,65.75,68.18
5/7/2018,65,68.28
5/8/2018,63.05,68.38
5/9/2018,63.2,68.49
5/10/2018,63.72,68.58
5/11/2018,65.3,68.68
5/12/2018,67.63,68.75
5/13/2018,69.2,68.79
5/14/2018,68,68.81
5/15/2018,69.57,68.82
5/16/2018,69.2,68.84
5/17/2018,67.7,68.84
5/18/2018,68.38,68.86
5/19/2018,68.22,68.82
5/20/2018,68.68,68.79
5/21/2018,68.22,68.77
5/22/2018,68.15,68.8
5/23/2018,70.18,68.79
5/24/2018,68.75,68.8
5/25/2018,69.43,68.81
5/26/2018,69.57,68.77
5/27/2018,69.2,68.72
5/28/2018,68.45,68.67
5/29/2018,69.2,68.62
5/30/2018,71.9,68.62
5/31/2018,71.22,68.61
6/1/2018,70.4,68.58
6/2/2018,69.95,68.5
6/3/2018,68.82,68.43
6/4/2018,67.18,68.37
6/5/2018,66.88,68.26
6/6/2018,68,68.19
6/7/2018,69.35,68.09
6/8/2018,68.82,67.95
6/9/2018,67.47,67.84
6/10/2018,68.15,67.78
6/11/2018,65.15,67.68
6/12/2018,63.95,67.61
6/13/2018,63.2,67.51
6/14/2018,64.63,67.36
6/15/2018,65.07,67.15
6/16/2018,64.7,67.01
6/17/2018,64.78,66.9
6/18/2018,61.1,66.79
6/19/2018,60.65,66.66
6/20/2018,61.33,66.6
6/21/2018,62.22,66.47
6/22/2018,65.6,66.37
6/23/2018,64.32,66.24
6/24/2018,64.55,66.09
6/25/2018,64.32,65.93
6/26/2018,65,65.82
6/27/2018,65.6,65.69
6/28/2018,64.03,65.56
6/29/2018,65,65.46
6/30/2018,66.2,65.4
7/1/2018,65.82,65.34
7/2/2018,65.53,65.28
7/3/2018,65,65.21
7/4/2018,68,65.2
7/5/2018,65.9,65.15
7/6/2018,66.57,65.08
7/7/2018,64.85,65.06
7/8/2018,64.03,65.03
7/9/2018,66.13,65.03
7/10/2018,65.75,65.02
7/11/2018,64.4,65
7/12/2018,66.35,65.02
7/13/2018,68.6,65.05
7/14/2018,65.22,65.04
7/15/2018,67.78,65.04
7/16/2018,66.57,65.03
7/17/2018,63.58,65.02
7/18/2018,66.57,65.01
7/19/2018,65.38,64.99
7/20/2018,66.8,64.97
7/21/2018,67.18,64.98
7/22/2018,66.95,65
7/23/2018,66.88,65
7/24/2018,65.75,65.03
7/25/2018,66.57,65.04
7/26/2018,65.6,65.04
7/27/2018,67.18,65.02
7/28/2018,66.2,65.01
7/29/2018,65.07,65.06
7/30/2018,63.95,65.07
7/31/2018,61.33,65.1
8/1/2018,65.38,65.12
8/2/2018,64.78,65.13
8/3/2018,63.65,65.15
8/4/2018,63.13,65.17
8/5/2018,65,65.15
8/6/2018,65.53,65.11
8/7/2018,64.93,65.11
8/8/2018,66.05,65.09
8/9/2018,64.55,65.06
8/10/2018,64.85,65.04
8/11/2018,63.8,65.03
8/12/2018,64.55,65.01
8/13/2018,62.67,64.98
8/14/2018,63.58,64.98
8/15/2018,65.82,64.97
8/16/2018,65.6,64.93
8/17/2018,67.32,64.9
8/18/2018,64.93,64.86
8/19/2018,65.9,64.82
8/20/2018,66.57,64.81
8/21/2018,65.22,64.81
8/22/2018,66.35,64.81
8/23/2018,64.85,64.8
8/24/2018,65.45,64.8
8/25/2018,64.03,64.76
8/26/2018,65,64.73
8/27/2018,63.8,64.69
8/28/2018,64.32,64.65
8/29/2018,65.6,64.59
8/30/2018,65,64.53
8/31/2018,64.78,64.47
9/1/2018,65.07,64.43
9/2/2018,65.53,64.44
9/3/2018,65.38,64.44
9/4/2018,64.55,64.43
9/5/2018,65.97,64.39
9/6/2018,64.25,64.35
9/7/2018,65.53,64.35
9/8/2018,63.95,64.33
9/9/2018,64.25,64.34
9/10/2018,63.72,64.36
9/11/2018,62.67,64.38
9/12/2018,65.3,64.38
9/13/2018,64.4,64.41
9/14/2018,66.28,64.43
9/15/2018,63.95,64.49
9/16/2018,60.8,64.48
9/17/2018,62.15,64.45
9/18/2018,64.85,64.44
9/19/2018,63.13,64.44
9/20/2018,66.05,64.45
9/21/2018,67.78,64.44
9/22/2018,65.9,64.45
9/23/2018,65.75,64.46
9/24/2018,64.32,64.46
9/25/2018,64.78,64.42
9/26/2018,65.9,64.39
9/27/2018,64.85,64.39
9/28/2018,64.18,64.38
9/29/2018,65.6,64.35
9/30/2018,65.22,64.28
10/1/2018,64.55,64.26
10/2/2018,65.75,64.2
10/3/2018,64.55,64.15
10/4/2018,65.53,64.14
10/5/2018,66.43,64.09
10/6/2018,65.22,64.06
10/7/2018,64.47,63.99
10/8/2018,64.85,63.86
10/9/2018,65,63.77
10/10/2018,66.2,63.75
10/11/2018,65.68,63.74
10/12/2018,66.2,63.68
10/13/2018,65.97,63.61
10/14/2018,65.6,63.55
10/15/2018,65.68,63.53
10/16/2018,65.9,63.5
10/17/2018,67.03,63.46
10/18/2018,68.75,63.4
10/19/2018,67.03,63.29
10/20/2018,67.18,63.19
10/21/2018,65.68,63.05
10/22/2018,63.95,62.97
10/23/2018,62.15,62.91
10/24/2018,64.32,62.83
10/25/2018,64.93,62.71
10/26/2018,65.38,62.55
10/27/2018,64.32,62.42
10/28/2018,65.05,62.32
10/29/2018,65.3,62.22
10/30/2018,64.85,62.13
10/31/2018,63.8,62.06
11/1/2018,62.83,61.94
11/2/2018,63.28,61.83
11/3/2018,62.53,61.73
11/4/2018,60.05,61.66
11/5/2018,61.92,61.62
11/6/2018,63.72,61.56
11/7/2018,65.38,61.52
11/8/2018,65.38,61.48
11/9/2018,65.45,61.44
11/10/2018,65.53,61.42
11/11/2018,64.47,61.34
11/12/2018,64.1,61.26
11/13/2018,62.83,61.2
11/14/2018,59.83,61.12
11/15/2018,59.83,60.98
11/16/2018,59.15,60.89
11/17/2018,60.42,60.8
11/18/2018,60.28,60.67
11/19/2018,60.88,60.55
11/20/2018,62.22,60.43
11/21/2018,62.75,60.31
11/22/2018,62.9,60.2
11/23/2018,63.88,60.12
11/24/2018,62.22,60.03
11/25/2018,63.05,59.92
11/26/2018,60.95,59.81
11/27/2018,60.35,59.67
11/28/2018,58.63,59.54
11/29/2018,57.05,59.43
11/30/2018,59.83,59.36
12/1/2018,58.4,59.31
12/2/2018,59.3,59.26
12/3/2018,60.35,59.28
12/4/2018,62.67,59.24
12/5/2018,62.6,59.18
12/6/2018,64.25,59.1
12/7/2018,63.42,59.05
12/8/2018,61.92,58.95
12/9/2018,61.78,58.82
12/10/2018,61.85,58.74
12/11/2018,61.63,58.69
12/12/2018,61.23,58.62
12/13/2018,60.05,58.55
12/14/2018,59.62,58.51
12/15/2018,59.56,58.43
12/16/2018,59.47,58.34
12/17/2018,60.27,58.24
12/18/2018,58.81,58.13
12/19/2018,58.58,58.04
12/20/2018,57.74,57.98
12/21/2018,56.62,57.92
12/22/2018,54.93,57.88
12/23/2018,56.92,57.84
12/24/2018,58.96,57.83
12/25/2018,59.66,57.83
12/26/2018,60.63,57.86
12/27/2018,58.2,57.88
12/28/2018,58.58,57.9
12/29/2018,59.4,57.92
12/30/2018,58.21,57.89
12/31/2018,59.28,57.85
1/1/2019,58.96,57.79
1/2/2019,58.1,57.76
1/3/2019,59.71,57.76
1/4/2019,61.66,57.75
1/5/2019,62.12,57.74
1/6/2019,62.71,57.73
1/7/2019,63.32,57.69
1/8/2019,61.42,57.66
1/9/2019,59.74,57.57
1/10/2019,60.6,57.5
1/11/2019,60.88,57.42
1/12/2019,60.54,57.36
1/13/2019,60.51,57.24
1/14/2019,61.54,57.28
1/15/2019,61.78,57.33
1/16/2019,62.67,57.4
1/17/2019,62.38,57.48
1/18/2019,62.12,57.56
1/19/2019,62.22,57.64
1/20/2019,63.69,57.67
